{"@odata.context":"https://substrate.office.com/profileb2/v2.0/me/$metadata#v1profile(accounts(),addresses(),cloudServiceUsers(),customAttributes(),educations(),educationalActivities(),emails(),interests(),languages(),names(),phones(),positions(),preferences(),projects(),skills(),socialNetworkUsers(),systems(),websites(),anniversaries(),directoryExtensionAttributes(),notes(),responsibilities(),topics(),webAccounts(),extensions(),awards(),publications(),patents(),certifications(),profileVideoMetadata())","profileId":"defaultItem","eTag":"W/\"XLhelq1zDkeMFowvVtOlWwAGzwqLPg==\"","lastModifiedDateTime":null,"activities":[],"lastSyncs":[],"accounts":[{"accountLabel":null,"cid":-1121218660333267481,"puid":985157551457682,"passportMemberName":"masha.sheychenko@gmail.com","userPrincipalName":"masha.sheychenko@gmail.com","guid":null,"accountTenantId":null,"location":"RU","gender":null,"timeZone":null,"birthDay":30,"birthMonth":8,"birthYear":2000,"lcid":1049,"ageGroup":3,"id":"e19df16a-5368-4428-9478-9928d0b7170a","eTag":"W/\"XLhelq1zDkeMFowvVtOlWwAGzwqLPg==\""}],"addresses":[],"cloudServiceUsers":[],"customAttributes":[],"educations":[],"educationalActivities":[],"emails":[{"emailAddressLabel":null,"emailAddressName":null,"emailAddress":"masha.sheychenko@gmail.com","isVerified":null,"isAlias":true,"isPrimary":true,"notificationPartners":null,"usedBy":"Msa","id":"457aefc1-0b66-4d81-8939-1cc8534dad5e","eTag":"W/\"XLhelq1zDkeMFowvVtOlWwAGzwqLPg==\""},{"emailAddressLabel":null,"emailAddressName":null,"emailAddress":"outlook_F070A191A34BD5E7@outlook.com","isVerified":null,"isAlias":true,"isPrimary":false,"notificationPartners":null,"usedBy":"Msa","id":"aeaf3207-61fb-4a08-bd52-deb0742cf2d8","eTag":"W/\"XLhelq1zDkeMFowvVtOlWwAGzwqLPg==\""}],"interests":[],"languages":[{"languageCultureCode":"RU","languageName":null,"languageUrl":null,"languageProficiency":null,"isInference":null,"isPreferredLanguage":null,"id":"e19df16a-5368-4428-9478-9928d0b7170a","eTag":"W/\"XLhelq1zDkeMFowvVtOlWwAGzwqLPg==\""}],"names":[{"displayName":"Init Gvd Self","displayNameDefault":"Init Gvd Self","displayNameAlternate":"Self, Init Gvd","lastName":"Self","surname":null,"givenName":"Init Gvd","initials":null,"middleName":null,"maidenName":null,"title":null,"nickname":null,"suffix":null,"yomiGivenName":null,"yomiLastName":null,"yomiDisplayName":"","yomiDisplayNameAlternate":"","isPreferredName":null,"id":"af01c1cf-d41e-47f7-aa8f-597943314373","eTag":"W/\"XLhelq1zDkeMFowvVtOlWwAGzwqLPg==\""}],"phones":[{"phoneNumberLabel":null,"phoneNumberName":null,"phoneNumber":"79688632403","isVerified":null,"isPrimary":false,"notificationPartners":null,"usedBy":"Msa","isAlias":true,"id":"2bd5a928-b545-4a07-b93f-a81748b62e1d","eTag":"W/\"XLhelq1zDkeMFowvVtOlWwAGzwqLPg==\""}],"positions":[],"preferences":[],"projects":[],"skills":[],"socialNetworkUsers":[],"systems":[{"datacenterId":null,"environmentId":null,"forceSslDeadline":null,"lastModified":null,"lastMsaNameSync":null,"lastMcpMigrationStateChangeTimeUTC":null,"mcpMigrationState":null,"mcpMigrationFinishedDateUTC":null,"successfulMcpComparisonsCount":null,"lastMsaSyncTimeUtc":null,"lastMsaAliasSyncTimeUtc":null,"lastMsaCheckTimeUtc":null,"lastMsaAliasCheckTimeUtc":null,"lastUpaSyncTimeUtc":null,"lastSubmitToIndexTimeUtc":null,"lastDsApiSyncTimeUtc":null,"resourceId":null,"status":null,"version":null,"cid":null,"puid":null,"isRecovered":null,"isCleanedUp":null,"mcpBackupItemTimeUTC":null,"lastMetadataConsolidationTimestamp":null,"nomcpSync":null,"msaSyncTag":null,"msaAliasVersion":null,"msaProfileVersion":null,"baseSharePointUrl":null,"lastSharePointLicenseStatusSyncUtc":null,"indexingRequired":null,"msaGivenNameAtLastSync":null,"msaLastNameAtLastSync":null,"id":"f42e7c52-e0f9-480c-a3ef-bd6a0a5c6bb0","eTag":"W/\"XLhelq1zDkeMFowvVtOlWwAGzwqLPg==\""}],"websites":[],"anniversaries":[],"directoryExtensionAttributes":[],"notes":[],"responsibilities":[],"topics":[],"webAccounts":[],"extensions":[],"awards":[],"publications":[],"patents":[],"certifications":[],"profileVideoMetadata":{"profileVideoUrl":null,"allowedAudiences":"me","createdDateTime":"2025-01-03T10:37:51.5715627Z","lastModifiedDateTime":"2025-01-03T10:37:51.5715627Z","id":"8334c035-8db5-4f71-9d27-cedc0aabc116","isSearchable":false,"createdBy":{"user":null,"application":null,"device":null},"inference":null,"lastModifiedBy":{"user":null,"application":null,"device":null},"source":{"type":[]},"sources":[]}}