{"actions":[{"$type":"cache","key":{"uri":"360.yandex.ru/mail","inheritance":"none"},"maxAge":100800000000,"serverContext":"1;ca3796b9-65c1-a244-ab2a-bc5289ffa266;PHSH:000;7E-05","responseCategory":"Allowed","result":{"$type":"allow"}}],"serverContext":"1;ca3796b9-65c1-a244-ab2a-bc5289ffa266;PHSH:000;7E-05","result":{"$type":"allow","responseCategory":"Allowed","serverContext":"1;ca3796b9-65c1-a244-ab2a-bc5289ffa266;PHSH:000;7E-05","feedbackUrl":"https://feedback.smartscreen.microsoft.com/feedback.aspx?v=6&t=12553&result=none&type=top&ur=PHSH%3A000&osVer=10.0.22631.4602.ni_release&ieVer=9.11.22621.0&prodGuid=41a438bc-1249-43d3-a26d-69cd62c08317&locale=ru-RU&fv=281483724587008&dv=638004170464094982&url=aHR0cHM6Ly8zNjAueWFuZGV4LnJ1L21haWwv&corrId=aac28a1e-7f05-4fab-96e4-f21d53cf5287"}}