{
  "FilterHeaders": [
    {
      "Header": "x-search-rpstoken",
      "IncludeInScript": true
    },
    {
      "Header": "x-client-data",
      "IncludeInScript": true
    },
    {
      "Header": "x-anchormailbox",
      "IncludeInScript": true
    },
    {
      "Header": "x-afs-cv",
      "IncludeInScript": true
    },
    {
      "Header": "x-afs-clientinfo",
      "IncludeInScript": true
    },
    {
      "Header": "user-agent",
      "IncludeInScript": false
    },
    {
      "Header": "upgrade-insecure-requests",
      "IncludeInScript": true
    },
    {
      "Header": "update-interactivity",
      "IncludeInScript": true
    },
    {
      "Header": "sec-mesh-client-webview",
      "IncludeInScript": true
    },
    {
      "Header": "sec-mesh-client-os-version",
      "IncludeInScript": true
    },
    {
      "Header": "sec-mesh-client-os",
      "IncludeInScript": true
    },
    {
      "Header": "sec-mesh-client-edge-version",
      "IncludeInScript": true
    },
    {
      "Header": "sec-mesh-client-edge-channel",
      "IncludeInScript": true
    },
    {
      "Header": "sec-mesh-client-arch",
      "IncludeInScript": true
    },
    {
      "Header": "sec-fetch-user",
      "IncludeInScript": true
    },
    {
      "Header": "sec-fetch-site",
      "IncludeInScript": true
    },
    {
      "Header": "sec-fetch-mode",
      "IncludeInScript": true
    },
    {
      "Header": "sec-fetch-dest",
      "IncludeInScript": true
    },
    {
      "Header": "sec-ch-ua-platform",
      "IncludeInScript": true
    },
    {
      "Header": "sec-ch-ua-mobile",
      "IncludeInScript": true
    },
    {
      "Header": "sec-ch-ua",
      "IncludeInScript": true
    },
    {
      "Header": "pragma",
      "IncludeInScript": false
    },
    {
      "Header": "origin",
      "IncludeInScript": true
    },
    {
      "Header": "ms-cv",
      "IncludeInScript": true
    },
    {
      "Header": "if-none-match",
      "IncludeInScript": false
    },
    {
      "Header": "edgefeatureflags",
      "IncludeInScript": true
    },
    {
      "Header": "edge-user-anid",
      "IncludeInScript": true
    },
    {
      "Header": "edge-asset-group",
      "IncludeInScript": true
    },
    {
      "Header": "dnt",
      "IncludeInScript": true
    },
    {
      "Header": "content-encoding",
      "IncludeInScript": false
    },
    {
      "Header": "cache-control",
      "IncludeInScript": false
    },
    {
      "Header": "authorization",
      "IncludeInScript": true
    },
    {
      "Header": "accept-language",
      "IncludeInScript": false
    },
    {
      "Header": "accept-encoding",
      "IncludeInScript": false
    },
    {
      "Header": "accept",
      "IncludeInScript": false
    }
  ],
  "FilterResources": [
    {
      "IsNonResource": true,
      "type": "text/xml"
    },
    {
      "IsNonResource": true,
      "type": "text/html"
    },
    {
      "IsNonResource": false,
      "type": "text/css"
    },
    {
      "IsNonResource": false,
      "type": "image/webp"
    },
    {
      "IsNonResource": false,
      "type": "font/woff2"
    },
    {
      "IsNonResource": false,
      "type": "application/octet-stream"
    },
    {
      "IsNonResource": true,
      "type": "application/json"
    },
    {
      "IsNonResource": false,
      "type": "application/javascript"
    }
  ],
  "GeneralInfo": {
    "BrowserVersion": "",
    "IsWinInetMode": false,
    "MaxUsedConnections": 29,
    "RecordedBrowser": "Chrome",
    "RecordingDate": "янв-03-2025",
    "RecordingDuration": 11703,
    "RecordingMode": "N/A",
    "RecordingTimeStamp": 1735900659,
    "RecordingType": "Proxy",
    "TotalBytesReceived": 1149033,
    "TotalBytesSent": 30210,
    "TotalRequests": 29,
    "UserAgent": "Mozilla/5.0 (Windows NT 10.0; Win64; x64) AppleWebKit/537.36 (KHTML, like Gecko) Chrome/131.0.0.0 Safari/537.36 Edg/131.0.0.0"
  },
  "HostInfo": [
    {
      "DomainName": "yastatic.net",
      "Domains": [
        {
          "HTTPVersion": "HTTP/1.1",
          "IP": "178.154.131.217",
          "IncludeInScript": true,
          "Name": "yastatic.net",
          "Port": 443,
          "Requests": [
            {
              "CompressionType": "",
              "DataType": "font/woff2",
              "DownloadTime": 0,
              "EventId": 1070,
              "HttpStatus": 200,
              "Size": 59892,
              "URL": "https://yastatic.net/s3/psf/mg-theme/fonts/YS%20Text%20Wide/YSTextWide-Medium-Web.woff2"
            },
            {
              "CompressionType": "",
              "DataType": "font/woff2",
              "DownloadTime": 0,
              "EventId": 1051,
              "HttpStatus": 200,
              "Size": 59968,
              "URL": "https://yastatic.net/s3/psf/mg-theme/fonts/YS%20Text%20Wide/YSTextWide-Bold-Web.woff2"
            },
            {
              "CompressionType": "",
              "DataType": "font/woff2",
              "DownloadTime": 0,
              "EventId": 961,
              "HttpStatus": 200,
              "Size": 43112,
              "URL": "https://yastatic.net/s3/psf/mg-theme/fonts/YS%20Text/text-regular.woff2"
            },
            {
              "CompressionType": "gzip",
              "DataType": "text/css",
              "DownloadTime": 16,
              "EventId": 863,
              "HttpStatus": 200,
              "Size": 92683,
              "URL": "https://yastatic.net/s3/psf/ps-tuning/mail-landing.5d8c97e17ae243bee529.css"
            },
            {
              "CompressionType": "gzip",
              "DataType": "text/css",
              "DownloadTime": 15,
              "EventId": 842,
              "HttpStatus": 200,
              "Size": 2424,
              "URL": "https://yastatic.net/s3/frontend/yandex-lego/serp-header/_/P9Vv86xN.css"
            },
            {
              "CompressionType": "",
              "DataType": "font/woff2",
              "DownloadTime": 0,
              "EventId": 840,
              "HttpStatus": 200,
              "Size": 45284,
              "URL": "https://yastatic.net/s3/psf/mg-theme/fonts/YS%20Text/text-medium.woff2"
            }
          ],
          "SSLCipher": "",
          "SSLVersion": "TLS1.2"
        }
      ],
      "IncludeInScript": true
    },
    {
      "DomainName": "yandex.ru",
      "Domains": [
        {
          "HTTPVersion": "HTTP/1.1",
          "IP": "87.250.250.119",
          "IncludeInScript": true,
          "Name": "mc.yandex.ru",
          "Port": 443,
          "Requests": [
            {
              "CompressionType": "gzip",
              "DataType": "application/javascript",
              "DownloadTime": 15,
              "EventId": 1086,
              "HttpStatus": 200,
              "Size": 66847,
              "URL": "https://mc.yandex.ru/metrika/watch.js"
            },
            {
              "CompressionType": "gzip",
              "DataType": "application/javascript",
              "DownloadTime": 0,
              "EventId": 79,
              "HttpStatus": 200,
              "Size": 66847,
              "URL": "https://mc.yandex.ru/metrika/watch.js"
            }
          ],
          "SSLCipher": "",
          "SSLVersion": "TLS1.2"
        },
        {
          "HTTPVersion": "HTTP/1.1",
          "IP": "87.250.250.16",
          "IncludeInScript": true,
          "Name": "360.yandex.ru",
          "Port": 443,
          "Requests": [
            {
              "CompressionType": "gzip",
              "DataType": "text/html",
              "DownloadTime": 31,
              "EventId": 446,
              "HttpStatus": 200,
              "Size": 53515,
              "URL": "https://360.yandex.ru/mail/"
            },
            {
              "CompressionType": "gzip",
              "DataType": "text/html",
              "DownloadTime": 0,
              "EventId": 64,
              "HttpStatus": 200,
              "Size": 840,
              "URL": "https://360.yandex.ru/mail/"
            }
          ],
          "SSLCipher": "",
          "SSLVersion": "TLS1.2"
        }
      ],
      "IncludeInScript": true
    },
    {
      "DomainName": "yandex.net",
      "Domains": [
        {
          "HTTPVersion": "HTTP/1.1",
          "IP": "87.250.247.182",
          "IncludeInScript": true,
          "Name": "avatars.mds.yandex.net",
          "Port": 443,
          "Requests": [
            {
              "CompressionType": "",
              "DataType": "image/webp",
              "DownloadTime": 0,
              "EventId": 855,
              "HttpStatus": 200,
              "Size": 11270,
              "URL": "https://avatars.mds.yandex.net/get-bunker/135516/b0ecea246162c5b852efb4fceb673295811a0051/orig"
            }
          ],
          "SSLCipher": "",
          "SSLVersion": "TLS1.2"
        }
      ],
      "IncludeInScript": true
    },
    {
      "DomainName": "skype.com",
      "Domains": [
        {
          "HTTPVersion": "HTTP/1.1",
          "IP": "52.123.245.99",
          "IncludeInScript": true,
          "Name": "config.edge.skype.com",
          "Port": 443,
          "Requests": [
            {
              "CompressionType": "",
              "DataType": "application/json",
              "DownloadTime": 15,
              "EventId": 35,
              "HttpStatus": 304,
              "Size": 0,
              "URL": "https://config.edge.skype.com/config/v1/Edge/131.0.2903.112?clientId=748690809752085297&agents=EdgeRuntime%2CEdgeRuntimeConfig%2CEdgeDomainActions&osname=win&client=edge&channel=stable&scpfre=0&osarch=x86_64&osver=10.0.22631&wu=1&devicefamily=desktop&uma=0&sessionid=152&mngd=0&installdate=1694958418&edu=0&bphint=2&soobedate=1694958271&fg=1"
            },
            {
              "CompressionType": "",
              "DataType": "application/json",
              "DownloadTime": 0,
              "EventId": 3,
              "HttpStatus": 304,
              "Size": 0,
              "URL": "https://config.edge.skype.com/config/v1/Edge/131.0.2903.112?clientId=748690809752085297&agents=Edge%2CEdgeConfig%2CEdgeServices%2CEdgeFirstRun%2CEdgeFirstRunConfig&osname=win&client=edge&channel=stable&scpfre=0&osarch=x86_64&osver=10.0.22631&wu=1&devicefamily=desktop&uma=0&sessionid=152&mngd=0&installdate=1694958418&edu=0&bphint=2&soobedate=1694958271&fg=1"
            }
          ],
          "SSLCipher": "",
          "SSLVersion": "2&3"
        }
      ],
      "IncludeInScript": true
    },
    {
      "DomainName": "office.com",
      "Domains": [
        {
          "HTTPVersion": "HTTP/1.1",
          "IP": "132.245.230.33",
          "IncludeInScript": true,
          "Name": "substrate.office.com",
          "Port": 443,
          "Requests": [
            {
              "CompressionType": "",
              "DataType": "application/json",
              "DownloadTime": 0,
              "EventId": 54,
              "HttpStatus": 200,
              "Size": 4438,
              "URL": "https://substrate.office.com/profileb2/v2.0/me/V1Profile"
            }
          ],
          "SSLCipher": "",
          "SSLVersion": "TLS1.2"
        }
      ],
      "IncludeInScript": true
    },
    {
      "DomainName": "microsoft.com",
      "Domains": [
        {
          "HTTPVersion": "HTTP/1.1",
          "IP": "48.209.164.47",
          "IncludeInScript": true,
          "Name": "nav-edge.smartscreen.microsoft.com",
          "Port": 443,
          "Requests": [
            {
              "CompressionType": "",
              "DataType": "application/json",
              "DownloadTime": 110,
              "EventId": 7,
              "HttpStatus": 200,
              "Size": 794,
              "URL": "https://nav-edge.smartscreen.microsoft.com/api/browser/edge/navigate/3"
            }
          ],
          "SSLCipher": "",
          "SSLVersion": "TLS1.2"
        },
        {
          "HTTPVersion": "HTTP/1.1",
          "IP": "13.107.21.239",
          "IncludeInScript": true,
          "Name": "edge.microsoft.com",
          "Port": 443,
          "Requests": [
            {
              "CompressionType": "gzip",
              "DataType": "application/json",
              "DownloadTime": 0,
              "EventId": 1183,
              "HttpStatus": 304,
              "Size": 0,
              "URL": "https://edge.microsoft.com/abusiveadblocking/api/v1/blocklist"
            },
            {
              "CompressionType": "gzip",
              "DataType": "application/octet-stream",
              "DownloadTime": 0,
              "EventId": 1153,
              "HttpStatus": 200,
              "Size": 211,
              "URL": "https://edge.microsoft.com/sync/v1/feeds/me/syncEntities/command/?client=Chromium&client_id=iM%2BDiC14xNRRu2K6XGGa2w%3D%3D"
            },
            {
              "CompressionType": "",
              "DataType": "application/json",
              "DownloadTime": 16,
              "EventId": 865,
              "HttpStatus": 200,
              "Size": 265,
              "URL": "https://edge.microsoft.com/entityextractiontemplates/api/v1/assets/find-assets?name=domains_config_gz&version=3.*.*&channel=stable&key=d414dd4f9db345fa8003e32adc81b362"
            },
            {
              "CompressionType": "",
              "DataType": "application/json",
              "DownloadTime": 0,
              "EventId": 347,
              "HttpStatus": 200,
              "Size": 271,
              "URL": "https://edge.microsoft.com/entityextractiontemplates/api/v1/assets/find-assets?name=arbitration_priority_list&version=21.*.*&channel=stable&key=d414dd4f9db345fa8003e32adc81b362"
            },
            {
              "CompressionType": "",
              "DataType": "text/xml",
              "DownloadTime": 0,
              "EventId": 39,
              "HttpStatus": 200,
              "Size": 413,
              "URL": "https://edge.microsoft.com/extensionwebstorebase/v1/crx?os=win&arch=x64&os_arch=x86_64&nacl_arch=x86-64&prod=edgecrx&prodchannel=&prodversion=131.0.2903.112&lang=ru&acceptformat=crx3,puff&x=id%3Djmjflgjpcpepeafmmgdpfkogkghcpiha%26v%3D1.2.1%26installedby%3Dother%26uc%26ping%3Dr%253D1%2526e%253D1"
            },
            {
              "CompressionType": "",
              "DataType": "application/json",
              "DownloadTime": 0,
              "EventId": 17,
              "HttpStatus": 200,
              "Size": 3738,
              "URL": "https://edge.microsoft.com/identity/api/v3/msa"
            },
            {
              "CompressionType": "",
              "DataType": "application/json",
              "DownloadTime": 31,
              "EventId": 12,
              "HttpStatus": 200,
              "Size": 202,
              "URL": "https://edge.microsoft.com/serviceexperimentation/v3/?osname=win&channel=stable&osver=10.0.22631&devicefamily=desktop&installdate=1694958418&clientversion=131.0.2903.112&experimentationmode=2&scpguard=0&scpfull=0&scpver=0"
            }
          ],
          "SSLCipher": "",
          "SSLVersion": "TLS1.2"
        },
        {
          "HTTPVersion": "HTTP/1.1",
          "IP": "204.79.197.237",
          "IncludeInScript": true,
          "Name": "copilot.microsoft.com",
          "Port": 443,
          "Requests": [
            {
              "CompressionType": "gzip",
              "DataType": "text/html",
              "DownloadTime": 0,
              "EventId": 69,
              "HttpStatus": 200,
              "Size": 42,
              "URL": "https://copilot.microsoft.com/fd/auth/signin?&action=header&provider=windows_live_id&save_token=0"
            }
          ],
          "SSLCipher": "",
          "SSLVersion": "TLS1.2"
        }
      ],
      "IncludeInScript": true
    },
    {
      "DomainName": "bing.com",
      "Domains": [
        {
          "HTTPVersion": "HTTP/1.1",
          "IP": "95.101.133.73",
          "IncludeInScript": true,
          "Name": "www.bing.com",
          "Port": 443,
          "Requests": [
            {
              "CompressionType": "",
              "DataType": "application/json",
              "DownloadTime": 0,
              "EventId": 89,
              "HttpStatus": 200,
              "Size": 634999,
              "URL": "https://www.bing.com/bloomfilterfiles/ExpandedDomainsFilterGlobal.json"
            },
            {
              "CompressionType": "",
              "DataType": "application/json",
              "DownloadTime": 0,
              "EventId": 74,
              "HttpStatus": 200,
              "Size": 81,
              "URL": "https://www.bing.com/api/shopping/v1/savings/rewards/rewardsUserInfo"
            },
            {
              "CompressionType": "gzip",
              "DataType": "text/html",
              "DownloadTime": 0,
              "EventId": 49,
              "HttpStatus": 200,
              "Size": 42,
              "URL": "https://www.bing.com/fd/auth/signin?&action=header&provider=windows_live_id&save_token=0"
            },
            {
              "CompressionType": "gzip",
              "DataType": "application/json",
              "DownloadTime": 0,
              "EventId": 44,
              "HttpStatus": 200,
              "Size": 387,
              "URL": "https://www.bing.com/api/shopping/v1/user/shoppingsettings"
            },
            {
              "CompressionType": "gzip",
              "DataType": "application/json",
              "DownloadTime": 0,
              "EventId": 30,
              "HttpStatus": 200,
              "Size": 387,
              "URL": "https://www.bing.com/api/shopping/v1/user/shoppingsettings"
            },
            {
              "CompressionType": "",
              "DataType": "application/json",
              "DownloadTime": 47,
              "EventId": 25,
              "HttpStatus": 200,
              "Size": 81,
              "URL": "https://www.bing.com/api/shopping/v1/savings/rewards/rewardsUserInfo"
            }
          ],
          "SSLCipher": "",
          "SSLVersion": "TLS1.2"
        }
      ],
      "IncludeInScript": true
    }
  ],
  "WebSocket": {
    "IncludeInScript": false,
    "IsScriptIncludeWebSocket": false
  },
  "NumberOfCorrelations": 0
}